post_id,post_date,is_published,email_sent_at,inbox_sent_at,type,audience,title,subtitle,podcast_url
150712508.supplemental-m47-earthquake-rattles,,false,,,newsletter,only_paid,,,
150708136.mw47-earthquake-strikes-within-death,2024-10-25T19:34:18.493Z,true,2024-10-25T19:34:19.336Z,2024-10-25T19:34:19.336Z,newsletter,everyone,Mw4.7 earthquake strikes within Death Valley,We propose a potential new strike-slip fault beneath the valley floor,
150592812.mw58-earthquake-strikes-eastern-indonesia,2024-10-23T13:40:25.346Z,true,2024-10-23T13:40:25.564Z,2024-10-23T13:40:25.564Z,newsletter,everyone,Mw5.8 earthquake strikes eastern Indonesia,We finally take on an earthquake in the Molucca Sea region,
150590705.ed2,,false,,,newsletter,only_paid,,,
150515428.2ed,,false,,,newsletter,only_paid,,,
150313809.c18,,false,,,newsletter,only_paid,,,
150304058.6c1,,false,,,newsletter,only_paid,,,
150302077.mw60-earthquake-shakes-eastern-turkiye,2024-10-16T16:50:11.711Z,true,2024-10-16T16:50:11.975Z,2024-10-16T16:50:11.975Z,newsletter,everyone,Mw6.0 earthquake shakes eastern Türkiye,A triggered event on the East Anatolian Fault between the 2020 Elazığ and 2023 Pazarcık earthquakes. ,
150152959.old-m62-earthquake-shakes-costa-rica,,false,,,newsletter,only_paid,,,
150148948.m62-earthquake-shakes-the-nicoya,2024-10-13T16:34:35.767Z,true,2024-10-13T16:34:35.930Z,2024-10-13T16:34:35.930Z,newsletter,everyone,M6.2 earthquake shakes the Nicoya Peninsula in Costa Rica,An unusual earthquake along a fascinating part of the Middle America Trench,
149922381.magnitude-44-earthquake-shakes-central,2024-10-07T20:15:55.845Z,true,2024-10-07T20:15:56.058Z,2024-10-07T20:15:56.058Z,newsletter,everyone,Magnitude 4.4 earthquake shakes Central Greece,Normal faulting event close to an unusual earthquake swarm in 2020-2021,
149713019.machine-learning-for-earthquake-prediction,,false,,,newsletter,only_paid,,,
149568157.another-machine-learning-study-says,,false,,,newsletter,only_paid,,,
149460227.277,,false,,,newsletter,only_paid,,,
149054869.shallow-m50-earthquake-shakes-west,2024-09-18T17:42:34.317Z,true,2024-09-18T17:42:34.482Z,2024-09-18T17:42:34.482Z,newsletter,only_paid,"Shallow M5.0 earthquake shakes West Java, Indonesia",A moderate event strikes beneath an active volcanic region - what was the source?,
149001993.anthropogenic-earthquakes-in-texas,,false,,,newsletter,only_paid,,,
148953542.m65-earthquake-strikes-offshore-western,2024-09-16T15:37:35.059Z,true,2024-09-16T15:37:35.233Z,2024-09-16T15:37:35.233Z,newsletter,only_paid,M6.5 earthquake strikes offshore western Canada,Comparing Canada to California: A tale of two North American-Pacific transform plate boundaries,
148816350.malibu-earthquake-dyfi-stuff,,false,,,newsletter,only_paid,,,
148812950.m47-strikes-near-malibu-california,2024-09-12T20:38:34.464Z,true,2024-09-12T20:38:34.645Z,2024-09-12T20:38:34.645Z,newsletter,only_paid,"M4.7 strikes near Malibu, California",Another moderate-sized event during a busy earthquake year in California,
148774233.2b3,,false,,,newsletter,only_paid,,,
148762804.m54-earthquake-shakes-northern-pakistan,2024-09-11T16:59:33.973Z,true,2024-09-11T16:59:34.127Z,2024-09-11T16:59:34.127Z,newsletter,only_paid,M5.4 earthquake shakes northern Pakistan,What do we know about faults in the eastern Sulaiman Range?,
148681356.does-this-machine-learning-model,2024-09-27T16:25:44.041Z,true,2024-09-27T16:25:44.209Z,2024-09-27T16:25:44.209Z,newsletter,everyone,Does this machine learning model predict large earthquakes? Maybe not.,We examine a new earthquake paper in Nature Communications.,
148609528.mw5-aftershock-occurs-near-epicenter,2024-09-07T15:57:08.270Z,true,2024-09-07T15:57:08.417Z,2024-09-07T15:57:08.417Z,newsletter,only_paid,Mw5 aftershock occurs near epicenter of 2023 M7.8 Turkey-Syria earthquake,"Largest aftershock since January 25, 2024.",
148589440.new-paper-claiming-to-find-precursory,,false,,,newsletter,only_paid,,,
148574716.another-earthquake-precursor-paper,,false,,,newsletter,only_paid,,,
148557885.bismarck-references,,false,,,newsletter,only_paid,,,
148557875.321,,false,,,newsletter,only_paid,,,
148530958.m62-earthquake-shakes-papua-new-guinea,2024-09-06T02:04:48.679Z,true,2024-09-06T02:04:48.773Z,2024-09-06T02:04:48.773Z,newsletter,only_paid,M6.2 earthquake shakes Papua New Guinea,We look at the regional tectonic setting of this moderate earthquake,
148372091.montreal-jolted-by-m38-earthquake,2024-09-01T22:32:41.442Z,true,2024-09-01T22:32:41.563Z,2024-09-01T22:32:41.563Z,newsletter,only_paid,Montreal jolted by M3.8 earthquake - small by historical standards,"Holy complex intraplate geology, Batman!",
148275789.in-the-news,2024-08-29T20:25:45.736Z,true,,,page,everyone,In the news,,
148271618.by-location,2024-08-31T20:08:59.125Z,true,,,page,everyone,By location,,
148269655.c7c,,false,,,page,everyone,,,
148269455.notable-earthquakes,2024-08-29T16:24:47.288Z,true,,,page,everyone,Notable earthquakes,,
148146847.352,,false,,,newsletter,only_paid,,,
148143997.m54-earthquake-shakes-portugal,2024-08-26T22:15:31.342Z,true,2024-08-26T22:15:31.500Z,2024-08-26T22:15:31.500Z,newsletter,only_paid,M5.4 earthquake shakes Portugal,A relatively small event raises memories of past great earthquakes,
148058188.f36,,false,,,newsletter,only_paid,,,
147831586.m71-strikes-offshore-kamchatka-in,2024-08-18T18:54:26.779Z,true,2024-08-18T18:54:26.901Z,2024-08-18T18:54:26.901Z,newsletter,only_paid,M7.1 strikes offshore Kamchatka - in an area that nucleated a M9 in 1952,"We consider a hypothetical ""megaquake advisory"" system in Kamchatka",
147831159.new-earthquakes-along-eastern-coast,,false,,,newsletter,only_paid,,,
147831152.f99,,false,,,newsletter,only_paid,,,
147642388.m51-earthquake-in-syria-east-of-dead,,false,,,newsletter,only_paid,,,
147638683.m44-earthquake-shakes-los-angeles,,false,,,newsletter,only_paid,,,
147635738.m44-thrust-earthquake-rattles-los,2024-08-13T02:27:10.922Z,true,2024-08-13T02:27:11.025Z,2024-08-13T02:27:11.025Z,newsletter,only_paid,M4.4 thrust earthquake rattles Los Angeles,We take a quick look at the geology of the faults in the epicentral region,
147481783.m71-earthquake-strikes-southern-japan,2024-08-08T18:56:54.130Z,true,2024-08-08T18:56:54.608Z,2024-08-08T18:56:54.608Z,newsletter,only_paid,M7.1 earthquake strikes southern Japan; megaquake advisory issued,An indication of elevated risk - but not a prediction,
147443486.m52-earthquake-shakes-south-and-central,2024-08-07T21:16:09.654Z,true,2024-08-07T21:16:09.838Z,2024-08-07T21:16:09.838Z,newsletter,only_paid,M5.2 earthquake shakes south and central California,We take a look at the nearby 1952 M7.3 Kern County earthquake.,
147295667.m68-earthquake-offshore-mindanao,2024-08-03T01:35:48.478Z,true,2024-08-03T01:35:48.612Z,2024-08-03T01:35:48.612Z,newsletter,only_paid,M6.8 earthquake offshore Mindanao is delayed aftershock of 2023 M7.6,Largest aftershock since Dec. 3,
147162167.m49-earthquake-near-barstow-california,2024-07-30T19:06:13.121Z,true,2024-07-30T19:06:13.299Z,2024-07-30T19:06:13.299Z,newsletter,only_paid,"M4.9 earthquake near Barstow, California",Several M7+ earthquakes have occurred in this region - how does this one fit in?,
147094226.m51-earthquake-in-vietnam-is-largest,2024-07-28T23:22:52.843Z,true,2024-07-28T23:22:52.941Z,2024-07-28T23:22:52.941Z,newsletter,only_paid,M5.1 earthquake in Vietnam is largest in country since 2007,Associated with a hydroelectric power plant with 17.4-km long tunnel,
146916557.m49-west-texas-earthquake-presumed,2024-07-23T17:40:41.938Z,true,2024-07-23T17:40:42.037Z,2024-07-23T17:40:42.037Z,newsletter,only_paid,M4.9 west Texas earthquake presumed anthropogenic ,"Shaking reported by >1,600 people",
146785146.m74-earthquake-shakes-chile,2024-07-19T13:38:29.800Z,true,2024-07-19T13:38:29.906Z,2024-07-19T13:38:29.906Z,newsletter,only_paid,M7.4 earthquake shakes Chile,Moderate-depth event within the subducting slab,
146529360.swarm-offshore-vancouver-island-punctuated,2024-07-12T14:08:33.979Z,true,2024-07-12T14:08:34.173Z,2024-07-12T14:08:34.173Z,newsletter,everyone,Swarm offshore Vancouver Island punctuated by M6.4 earthquake,A combination of oceanic transforms and a small deforming plate makes M6+ earthquakes common here,
146472638.m67-earthquake-strikes-between-south,2024-07-11T01:14:53.487Z,true,2024-07-11T01:14:53.623Z,2024-07-11T01:14:53.623Z,newsletter,only_paid,M6.7 earthquake strikes between South Africa and Antarctica,A remote but fairly large transform fault earthquake beneath the Southern Ocean,
146322964.cut-from-bn24-response,,false,,,newsletter,only_paid,,,
146077802.m72-earthquake-in-southern-peru-causes,2024-06-28T16:03:17.861Z,true,2024-06-28T16:03:18.013Z,2024-06-28T16:03:18.013Z,newsletter,only_paid,M7.2 earthquake in southern Peru causes minor damage,Preceded by foreshock activity starting on June 16,
146076461.m72-earthquake-strikes-coast-of-south,,false,,,newsletter,only_paid,,,
145918093.m6-earthquake-beneath-northern-venezuela,2024-06-23T23:48:44.415Z,true,2024-06-23T23:48:44.542Z,2024-06-23T23:48:44.542Z,newsletter,only_paid,M6 earthquake beneath northern Venezuela was felt up to 700 km away,"Part of a dense, deep cluster of seismicity associated with a lithospheric tear",
145891139.m43-earthquake-on-maacama-fault-rattles,2024-06-22T18:16:17.911Z,true,2024-06-22T18:16:18.141Z,2024-06-22T18:16:18.141Z,newsletter,only_paid,M4.3 earthquake on Maacama Fault rattles Northern California,An evolving fault that both creeps and quakes,
145863224.why-havent-there-been-any-earthquakes,,false,,,newsletter,only_paid,,,
145659223.precursory-slip-before-large-earthquakes,2024-07-25T15:05:40.484Z,true,2024-07-25T15:05:40.689Z,2024-07-25T15:05:40.689Z,newsletter,everyone,Precursory slip before large earthquakes - signal or noise?,We evaluate a new defense of noisy data used in a 2023 Science paper,
145503804.why-are-some-faults-so-creepy,2024-06-14T15:13:39.304Z,true,2024-06-14T15:13:39.448Z,2024-06-14T15:13:39.448Z,newsletter,everyone,Why are some faults so creepy? ,"We dive into a new Nature paper that makes a surprising claim about why some faults slide all the time, while others get stuck.",
145255067.m58-earthquake-strikes-noto-peninsula,2024-06-03T15:48:11.898Z,true,2024-06-03T15:48:12.027Z,2024-06-03T15:48:12.027Z,newsletter,only_paid,"M5.8 earthquake strikes Noto Peninsula, Japan","An aftershock, or another event emerging from the swarm?",
145057076.m59-earthquake-shakes-simeulue-indonesia,2024-05-28T20:17:31.061Z,true,2024-05-28T20:17:31.147Z,2024-05-28T20:17:31.147Z,newsletter,only_paid,"M5.9 earthquake shakes Simeulue, Indonesia",A moderate event in a gap between two recent great earthquakes,
144657924.m56-earthquake-northwest-of-puerto,,false,,,newsletter,only_paid,,,
144630612.m51-earthquake-shakes-indonesian,2024-05-15T01:14:14.292Z,true,2024-05-15T01:14:14.934Z,2024-05-15T01:14:14.934Z,newsletter,only_paid,M5.1 earthquake shakes Indonesian islands of Bali and Lombok,Possible aftershock of the 2018 M6.9+M6.9 earthquake doublet,
144569742.def,,false,,,newsletter,only_paid,,,
144568596.m49-earthquake-at-the-cierro-prieto,2024-05-13T21:11:47.638Z,true,2024-05-13T21:11:47.845Z,2024-05-13T21:11:47.845Z,newsletter,only_paid,"M4.9 earthquake at the Cierro Prieto geothermal field, Baja California, Mexico",A moderate earthquake in a huge geothermal energy field,
144560203.m64-earthquake-shakes-coast-of-mexico,2024-05-12T20:03:43.580Z,true,2024-05-12T20:03:43.672Z,2024-05-12T20:03:43.672Z,newsletter,only_paid,"M6.4 earthquake shakes coast of Mexico, Guatemala",Normal-mechanism event in the sinking Cocos slab at the Middle America Trench,
144361897.m62-earthquake-strikes-offshore-seram,,false,,,newsletter,only_paid,,,
144361482.m56-m54-earthquakes-strike-south,2024-05-06T16:58:53.773Z,true,2024-05-06T16:58:53.934Z,2024-05-06T16:58:53.934Z,newsletter,only_paid,"M5.6, M5.4 earthquakes strike south of Hualien, Taiwan",A possible reinvigoration of the swarm? Maybe not.,
144273430.m57-earthquake-in-the-leyte-gulf,2024-05-03T20:30:46.045Z,true,2024-05-03T20:30:46.128Z,2024-05-03T20:30:46.128Z,newsletter,only_paid,"M5.7 earthquake in the Leyte Gulf, Philippines",Enigmatic event in an already complicated tectonic region,
143858590.seismic-swarm-near-southern-tip-of,2024-04-22T16:57:04.381Z,true,2024-04-22T16:57:04.580Z,2024-04-22T16:57:04.580Z,newsletter,only_paid,Seismic swarm near southern tip of April 3 M7.4 in Taiwan,Disquieting seismic sequence raises questions about evolving hazard,
143714215.central-turkey-shaken-by-unusual,2024-04-18T21:26:28.324Z,true,2024-04-18T21:26:28.450Z,2024-04-18T21:26:28.450Z,newsletter,only_paid,Central Turkey shaken by unusual M5.6 earthquake,"Not related to the major earthquakes on Feb. 6, 2023",
143692487.southern-japan-shaken-by-m63-earthquake,2024-04-18T01:13:46.525Z,true,2024-04-18T01:13:46.618Z,2024-04-18T01:13:46.618Z,newsletter,only_paid,Southern Japan shaken by M6.4 earthquake,A new earthquake joins the menagerie of Bungo Channel seismicity,
143677941.southern-japan-shaken-by-m63-earthquake,,false,,,newsletter,only_paid,,,
143304664.m48-new-jersey-earthquake-shakes,2024-04-05T20:04:54.253Z,true,2024-04-05T20:04:54.393Z,2024-04-05T20:04:54.393Z,newsletter,only_paid,M4.8 New Jersey earthquake shakes Northeastern United States,Largest earthquake in the region in 140 years,
143304463.259,,false,,,newsletter,only_paid,,,
143302590.m48-earthquake-strikes-new-jersey,,false,,,newsletter,only_paid,,,
143208658.deadly-m74-earthquake-strikes-taiwan,2024-04-03T15:21:34.237Z,true,2024-04-03T15:21:34.322Z,2024-04-03T15:21:34.322Z,newsletter,only_paid,Deadly M7.4 earthquake strikes Taiwan,Largest event in the country in over 20 years,
143208217.damaging-m74-earthquake-strikes-east,,false,,,newsletter,only_paid,,,
143166335.earthquake-insights-digest-april,2024-04-01T18:46:58.197Z,true,2024-04-01T18:46:58.377Z,2024-04-01T18:46:58.377Z,newsletter,only_paid,"Earthquake Insights digest - April 1, 2024",All of our posts to date,
143071849.m59-earthquake-shakes-southwestern,2024-03-29T17:37:01.769Z,true,2024-03-29T17:37:01.854Z,2024-03-29T17:37:01.854Z,newsletter,only_paid,M5.9 earthquake shakes southwestern Greece,Enigmatic strike-slip earthquake above a torn subducting slab,
143036927.m41-earthquake-rattles-northern-italy,2024-03-28T17:16:37.648Z,true,2024-03-28T17:16:37.783Z,2024-03-28T17:16:37.783Z,newsletter,only_paid,M4.1 earthquake rattles northern Italy,This part of the Southern Alps has previously hosted M6+ earthquakes,
142937127.cut-from-tidal-triggering-iv,,false,,,newsletter,only_paid,,,
142911673.m69-earthquake-shakes-papua-new-guinea,2024-03-24T18:12:58.095Z,true,2024-03-24T18:12:58.198Z,2024-03-24T18:12:58.198Z,newsletter,only_paid,M6.9 earthquake shakes Papua New Guinea,"Apparent ""mantle quake"" above the tip of a sinking slab",
142857163.magnitude-64-earthquake-rocks-java,2024-03-22T16:20:20.372Z,true,2024-03-22T16:20:20.452Z,2024-03-22T16:20:20.452Z,newsletter,only_paid,"Magnitude 6.4 earthquake rocks Java, Indonesia",An unusual shallow earthquake near Bawean Island was felt widely across Indonesia and surrounding areas,
142792568.cut-from-tidal-triggering-iii,,false,,,newsletter,only_paid,,,
142792413.e18,,false,,,newsletter,only_paid,,,
142754484.m55-earthquake-shakes-remote-registan,2024-03-19T15:32:04.575Z,true,2024-03-19T15:32:04.715Z,2024-03-19T15:32:04.715Z,newsletter,only_paid,M5.5 earthquake shakes remote Registan Desert,An unusual moderate earthquake near two plate boundaries,
142694050.tidal-asymmetry,,false,,,newsletter,only_paid,,,
142614340.m54-earthquake-shakes-montenegro,2024-03-14T16:33:36.914Z,true,2024-03-14T16:33:37.002Z,2024-03-14T16:33:37.002Z,newsletter,only_paid,"M5.4 earthquake shakes Montenegro, Bosnia",Distributed strike-slip faulting in a complex deforming region,
142611362.m54-earthquake-shakes-montenegro,,false,,,newsletter,only_paid,,,
142305895.tide-2-backup,,false,,,newsletter,only_paid,,,
142292380.m53-earthquake-shakes-almaty-kazakhstan,2024-03-04T16:45:46.385Z,true,2024-03-04T16:45:46.512Z,2024-03-04T16:45:46.512Z,newsletter,only_paid,"M5.3 earthquake shakes Almaty, Kazakhstan",A series of very large earthquakes struck this region 100-150 years ago.,
142279677.tides-leftover-studies,,false,,,newsletter,only_paid,,,
142205914.earthquake-insights-digest-march,2024-03-01T13:35:42.101Z,true,2024-03-01T13:35:42.209Z,2024-03-01T13:35:42.209Z,newsletter,only_paid,"Earthquake Insights digest - March 1, 2024",All posts to date.,
142173155.seismic-swarm-rattles-boso-peninsula,2024-02-29T18:07:06.659Z,true,2024-02-29T18:07:06.828Z,2024-02-29T18:07:06.828Z,newsletter,only_paid,"Seismic swarm rattles Boso Peninsula, Japan",Region is subject to regular swarms linked to slow slip on subduction zone,
142136223.under-the-sea-are-submarine-micro,,false,,,newsletter,only_paid,,,
142074211.m49-earthquake-shakes-idaho,2024-02-26T22:11:41.495Z,true,2024-02-26T22:11:41.688Z,2024-02-26T22:11:41.688Z,newsletter,only_paid,M4.9 earthquake shakes Idaho,Another strike-slip earthquake north of the Snake River Plain,
142011689.the-great-tidal-earthquake-hypothesis-bad,2024-03-21T20:32:32.456Z,true,2024-03-21T20:32:32.542Z,2024-03-21T20:32:32.542Z,newsletter,everyone,"The great tidal earthquake hypothesis test, part III",Replicating and testing global studies of tidal earthquake triggering ,
142011672.the-great-tidal-earthquake-hypothesis-35b,2024-03-07T16:48:30.091Z,true,2024-03-07T16:48:30.301Z,2024-03-07T16:48:30.301Z,newsletter,everyone,"The great tidal earthquake hypothesis test, part II",Let's review global studies comparing earthquakes to tidal forcing,
141997210.checking-dois-luke,,false,,,newsletter,only_paid,,,
141928621.earthquake-insights-is-getting-dois,2024-02-22T20:12:13.088Z,true,2024-02-22T20:12:13.200Z,2024-02-22T20:12:13.200Z,newsletter,only_paid,Earthquake Insights is getting DOIs!,"What are DOIs, and why are we using them?",
141870567.the-great-tidal-earthquake-hypothesis,2024-02-27T17:48:51.749Z,true,2024-02-27T17:48:51.924Z,2024-02-27T17:48:51.924Z,newsletter,everyone,"The great tidal earthquake hypothesis test, part I ",How might tides influence earthquakes?,
141766904.m47-earthquake-rattles-southern-texas,2024-02-17T22:50:56.111Z,true,2024-02-17T22:50:56.218Z,2024-02-17T22:50:56.218Z,newsletter,only_paid,M4.7 earthquake rattles southern Texas,Earthquakes in this area are linked to fluid extraction - including a M4.8 in 2011,
141700040.fb7,,false,,,newsletter,only_paid,,,
141537052.m57-earthquake-shakes-hawaii,2024-02-09T22:19:05.832Z,true,2024-02-09T22:19:06.037Z,2024-02-09T22:19:06.037Z,newsletter,only_paid,M5.7 earthquake shakes Hawaii,"A large event in a deep, long-lived seismic swarm.",
141474359.tidal-earthquake-studies,,false,,,newsletter,only_paid,,,
141394474.one-year-after-the-february-6-turkiye,2024-02-06T02:10:30.740Z,true,2024-02-06T02:10:30.861Z,2024-02-06T02:10:30.861Z,newsletter,everyone,One year after the February 6 Türkiye-Syria earthquakes,We look back at a year of aftershocks and initial scientific results,
141335297.m51-earthquake-in-oklahoma-felt-more,2024-02-03T14:35:00.183Z,true,2024-02-03T14:35:00.314Z,2024-02-03T14:35:00.314Z,newsletter,only_paid,M5.1 earthquake in Oklahoma felt more than 500 km away,More evidence for long-lasting anthropogenic seismicity,
141319592.tidal-earthquake-intro,,false,,,newsletter,only_paid,,,
141236040.tracking-dois,,false,,,newsletter,only_paid,,,
141233499.earthquake-insights-digest-jan-31,2024-02-01T03:00:17.979Z,true,2024-02-01T03:00:18.114Z,2024-02-01T03:00:18.114Z,newsletter,only_paid,"Earthquake Insights Digest - Jan 31, 2024",All posts to date!,
141162116.the-great-tidal-earthquake-hypothesis-bf7,2024-04-12T19:40:36.962Z,true,2024-04-12T19:40:37.101Z,2024-04-12T19:40:37.101Z,newsletter,everyone,The great tidal earthquake hypothesis test part IV: Can tides warn us of upcoming large earthquakes?,We re-examine claims of precursory tidal triggering before large earthquakes.,
141160440.e09,,false,,,newsletter,only_paid,,,
141112404.update-on-m70-earthquake-in-china,2024-01-28T17:24:20.787Z,true,2024-01-28T17:24:20.870Z,2024-01-28T17:24:20.870Z,newsletter,only_paid,Update on M7.0 earthquake in China,Satellite imaging reveals rupture that did not reach the surface,
141096320.m61-in-sinking-slab-shakes-guatemala,2024-01-27T15:23:10.321Z,true,2024-01-27T15:23:10.465Z,2024-01-27T15:23:10.465Z,newsletter,only_paid,M6.1 in sinking slab shakes Guatemala,A reminder of the high seismic hazard and risk faced by the region,
141041927.m42-in-san-bernardino-shakes-greater,2024-01-25T22:29:56.420Z,true,2024-01-25T22:29:56.496Z,2024-01-25T22:29:56.496Z,newsletter,only_paid,M4.2 in San Bernardino shakes greater Los Angeles area,Let's take a closer look at the hazardous San Jacinto Fault,
141039570.m52-earthquake-strikes-near-malatya,2024-01-25T16:33:28.194Z,true,2024-01-25T16:33:28.366Z,2024-01-25T16:33:28.366Z,newsletter,only_paid,"M5.2 earthquake strikes near Malatya, Türkiye",The latest in a long series of aftershocks of the devastating Kahramanmaraş earthquakes,
140940442.major-m70-earthquake-strikes-china,2024-01-23T00:22:22.358Z,true,2024-01-23T00:22:22.464Z,2024-01-23T00:22:22.464Z,newsletter,only_paid,Major M7.0 earthquake strikes China-Kyrgyzstan border,Severe shaking on a bitter cold night suggests very serious situation,
140932966.b88,,false,,,newsletter,only_paid,,,
140876059.m53-earthquake-shakes-fairbanks-alaska,2024-01-21T02:42:29.076Z,true,2024-01-21T02:42:29.163Z,2024-01-21T02:42:29.163Z,newsletter,only_paid,"M5.3 earthquake shakes Fairbanks, Alaska","A fascinating set of faults criss-cross this area, illuminated by earthquakes",
140851772.m56-earthquake-strikes-below-colombia,2024-01-20T03:06:40.186Z,true,2024-01-20T03:06:40.240Z,2024-01-20T03:06:40.240Z,newsletter,only_paid,M5.6 earthquake strikes below Colombia,An unusual earthquake in a tectonically unusual area,
140844198.m48-in-the-north-aegean-sea,,false,,,newsletter,only_paid,,,
140772259.can-ai-predict-earthquakes,,false,,,newsletter,only_paid,,,
140772048.eletter-for-science,,false,,,newsletter,only_paid,,,
140706976.m54-earthquake-below-lake-baikal,2024-01-16T17:47:41.637Z,true,2024-01-16T17:47:41.720Z,2024-01-16T17:47:41.720Z,newsletter,only_paid,M5.4 earthquake below Lake Baikal,One of Earth's most phenomenal continental rifts,
140647139.oklahoma-city-shaken-by-moderate,2024-01-13T22:25:53.135Z,true,2024-01-13T22:25:53.212Z,2024-01-13T22:25:53.212Z,newsletter,only_paid,"Oklahoma City shaken by moderate earthquakes, presumed anthropogenic",The area experienced a surge of seismicity from 2014-2018 linked to wastewater injection,
140619515.0c7,,false,,,newsletter,only_paid,,,
140618561.m59-earthquake-off-the-coast-of-southeast,2024-01-12T15:42:12.149Z,true,2024-01-12T15:42:12.237Z,2024-01-12T15:42:12.237Z,newsletter,only_paid,M5.9 earthquake off the coast of Southeast Alaska,Strike-slip faulting of the Pacific-North America plate boundary,
140588142.m64-shakes-afghanistan-and-neighboring,2024-01-11T18:45:50.269Z,true,2024-01-11T18:45:50.364Z,2024-01-11T18:45:50.364Z,newsletter,only_paid,M6.4 earthquake shakes Afghanistan and neighboring countries,Deep source of intense seismicity likely associated with tearing of subducting slab,
140511366.seismicity-patterns-around-the-jan,2024-01-09T21:20:37.480Z,true,2024-01-09T21:20:37.614Z,2024-01-09T21:20:37.614Z,newsletter,only_paid,Seismicity patterns around the Jan 1 earthquake in Japan,Developments in an intriguing story of earthquakes and seismic swarms,
140401666.m41-and-m42-earthquakes-rattle-los,,false,,,newsletter,only_paid,,,
140358568.tectonics-of-the-january-1-2024-m75,2024-01-06T00:44:13.257Z,true,2024-01-06T00:44:13.516Z,2024-01-06T00:44:13.516Z,newsletter,only_paid,"Tectonics of the January 1, 2024 M7.5 earthquake in Japan",Exploring earthquakes on Japan's western coast,
140244039.m75-earthquake-strikes-western-japan,2024-01-01T17:41:59.094Z,true,2024-01-01T17:41:59.288Z,2024-01-01T17:41:59.288Z,newsletter,only_paid,"M7.5 earthquake strikes western Japan, triggers tsunami",Complex precursory behavior has occurred along this fault since 2020,
140227875.rememering-paul-tapponnier-judith,,false,,,newsletter,only_paid,,,
140227698.earthquake-insights-digest-jan-4,2024-01-04T13:22:03.152Z,true,2024-01-04T13:22:03.268Z,2024-01-04T13:22:03.268Z,newsletter,only_paid,"Earthquake Insights Digest - Jan 4, 2024",,
140090020.remembering-paul-tapponnier,,false,,,newsletter,only_paid,,,
139920394.deadly-m61-earthquake-strikes-western,2023-12-19T17:41:21.051Z,true,2023-12-19T17:41:21.149Z,2023-12-19T17:41:21.149Z,newsletter,everyone,Deadly M6.1 earthquake strikes western China,Thrust earthquake accommodates oblique compression in northeastern Tibetan Plateau,
139889676.istanbul-lightly-shaken-by-m4-earthquake,2023-12-18T17:18:07.527Z,true,2023-12-18T17:18:07.585Z,2023-12-18T17:18:07.585Z,newsletter,only_paid,Istanbul lightly shaken by M4 earthquake,Normal-mechanism event on a releasing bend of the North Anatolian Fault,
139889283.m57-kashmir,,false,,,newsletter,only_paid,,,
139813593.focal-mechanisms,,false,,,newsletter,only_paid,,,
139782495.m56-earthquake-in-the-remote-norwegian,2023-12-14T16:11:34.149Z,true,2023-12-14T16:11:34.243Z,2023-12-14T16:11:34.243Z,newsletter,only_paid,M5.6 earthquake in the remote Norwegian Sea,"Here, the Eurasian and North American Plates are pulling apart at ~15 mm/yr.",
139603470.m58-earthquake-shakes-mexico-city,2023-12-08T02:43:55.441Z,true,2023-12-08T02:43:55.517Z,2023-12-08T02:43:55.517Z,newsletter,only_paid,M5.8 earthquake shakes Mexico City,Likely caused by the bending as the subducting plate abruptly steepens,
139387210.m76-earthquake-below-east-coast-of,2023-12-03T16:18:29.458Z,true,2023-12-03T16:18:29.638Z,2023-12-03T16:18:29.638Z,newsletter,only_paid,"M7.6 earthquake below east coast of Mindanao, Philippines",Many uncertainties about this subduction event due to lack of instrumentation,
139363550.m55-earthquake-felt-across-bangladesh,2023-12-02T16:10:46.613Z,true,2023-12-02T16:10:46.694Z,2023-12-02T16:10:46.694Z,newsletter,only_paid,M5.5 earthquake felt across Bangladesh,Stresses on the subducting Indian Plate can cause hazardous earthquakes,
139328044.m48-earthquake-near-california-mexico,2023-12-01T15:51:48.203Z,true,2023-12-01T15:51:48.285Z,2023-12-01T15:51:48.285Z,newsletter,only_paid,M4.8 earthquake near California-Mexico border,Near the northern end of the 2010 M7.2 El Mayor-Cucapah earthquake,
139268657.earthquake-insights-digest-dec-1,2023-12-01T12:28:57.679Z,true,2023-12-01T12:28:57.790Z,2023-12-01T12:28:57.790Z,newsletter,only_paid,Earthquake Insights digest - Dec 1 2023,Explore all of our posts.,
139132265.mw69-strike-slip-earthquake-in-the,2023-11-24T23:58:36.990Z,true,2023-11-24T23:58:37.051Z,2023-11-24T23:58:37.051Z,newsletter,only_paid,Mw6.9 strike-slip earthquake in the Northern Mariana Islands ,Let's look at the tectonic setting of this earthquake,
138994607.animated-3d-model-of-volcanic-seismicity,2023-11-19T17:48:38.452Z,true,2023-11-19T17:48:38.541Z,2023-11-19T17:48:38.541Z,newsletter,only_paid,Animated 3D model of volcanic seismicity in Iceland,Exploring earthquake patterns in time and space,
138941875.m67-earthquake-shakes-southern-mindanao,2023-11-17T16:51:52.855Z,true,2023-11-17T16:51:52.974Z,2023-11-17T16:51:52.974Z,newsletter,only_paid,"M6.7 earthquake shakes southern Mindanao, Philippines",Complex deformation around the still-developing Cotobato subduction zone,
138771634.volcanic-earthquakes-in-iceland,2023-11-11T18:25:18.022Z,true,2023-11-11T18:25:18.079Z,2023-11-11T18:25:18.079Z,newsletter,everyone,Volcanic earthquakes in Iceland,How does the recent swarm compare with previous ones?,
138699289.m52-earthquake-in-west-texas-likely,2023-11-08T17:25:43.481Z,true,2023-11-08T17:25:44.768Z,2023-11-08T17:25:44.768Z,newsletter,only_paid,M5.2 earthquake in west Texas likely anthropogenic,Similar to earthquake in November 2022 M5.4,
138697898.mw71-67-and-67-earthquakes-in-the,2023-11-09T15:08:25.544Z,true,2023-11-09T15:08:25.646Z,2023-11-09T15:08:25.646Z,newsletter,only_paid,"Mw7.1, 6.7, and 6.7 earthquakes in the Banda Sea",Shallow strike-slip events in a highly complex region,
138670986.invite-your-friends-to-read-earthquake,,false,,,newsletter,everyone,,,
138665131.aftershocks-of-deadly-earthquakes,2023-11-07T16:36:31.233Z,true,2023-11-07T16:36:31.347Z,2023-11-07T16:36:31.347Z,newsletter,only_paid,Aftershocks of deadly earthquakes,We revisit seismicity following six deadly earthquakes in 2023,
138636608.posts-related-to-the-2023-kahramanmaras,,false,,,newsletter,only_paid,,,
138564775.deadly-m56-earthquake-strikes-western,2023-11-04T02:06:23.493Z,true,2023-11-04T02:06:24.153Z,2023-11-04T02:06:24.153Z,newsletter,everyone,Deadly M5.6 earthquake strikes western Nepal,Shaking felt across much of northern India,
138557947.magnitude-52-earthquake-shakes-central,2023-11-04T20:24:38.820Z,true,2023-11-04T20:24:38.916Z,2023-11-04T20:24:38.916Z,newsletter,only_paid,Magnitude 5.2 earthquake shakes central Greece,Let's look at the tectonic context of this relatively minor but interesting earthquake,
138482190.earthquake-insights-digest-nov-1,2023-11-01T11:45:25.731Z,true,2023-11-01T11:45:25.803Z,2023-11-01T11:45:25.803Z,newsletter,only_paid,Earthquake Insights digest - Nov 1 2023 ,All our posts to date!,
138452699.8a0,,false,,,newsletter,only_paid,,,
138448227.magnitude-67-earthquake-strikes-below,2023-10-31T16:29:55.063Z,true,2023-10-31T16:29:55.171Z,2023-10-31T16:29:55.171Z,newsletter,only_paid,Magnitude 6.7 earthquake strikes below Chile,"The subduction zone here produces much larger earthquakes, but Chile has good defenses.",
138428484.m54-earthquake-shakes-jamaica,2023-10-30T22:45:08.923Z,true,2023-10-30T22:45:08.981Z,2023-10-30T22:45:08.981Z,newsletter,only_paid,M5.4 earthquake shakes Jamaica,Transpressive region hosted similar magnitude earthquakes in 1988 and 1993,
138413459.october-2023-digest,,false,,,newsletter,only_paid,,,
138364072.widely-felt-m37-earthquake-shakes,2023-10-28T16:51:50.425Z,true,2023-10-28T16:51:50.513Z,2023-10-28T16:51:50.513Z,newsletter,only_paid,Widely felt M3.7 earthquake shakes San Francisco,Likely occurred on a minor fault a few kilometers east of the San Andreas,
138363205.mw51-53-earthquakes-strike-remote,2023-10-28T16:53:00.482Z,true,2023-10-28T16:53:00.590Z,2023-10-28T16:53:00.590Z,newsletter,only_paid,"Mw5.1, 5.3 earthquakes strike remote area of Alaska",Shallow thrust events occurred beneath the terminus of the Carroll Glacier,
138197388.m53-earthquake-in-nepal-triggers,2023-10-22T17:39:09.532Z,true,2023-10-22T17:39:09.677Z,2023-10-22T17:39:09.677Z,newsletter,only_paid,M5.3 earthquake in Nepal triggers landslide and building damage,Earthquake is likely an aftershock of the 2015 M7.9 Gorkha quake,
138120261.m59-earthquake-shakes-eastern-mindanao,2023-10-20T02:10:27.054Z,true,2023-10-20T02:10:27.122Z,2023-10-20T02:10:27.122Z,newsletter,only_paid,"M5.9 earthquake shakes eastern Mindanao Island, Philippines",Fault system here produced two M7.2-7.3 earthquakes in the 1890s,
138076434.does-the-crust-wobble-before-some,2023-11-03T15:21:34.835Z,true,2023-11-03T15:21:34.999Z,2023-11-03T15:21:34.999Z,newsletter,everyone,Does the crust wobble before some big earthquakes?,We deep-dive a 2020 Nature paper that discovered enormous crustal shifts before Mw9.2 and Mw8.8 megathrust earthquakes,
138009128.template-matching-earthquakes,,false,,,newsletter,only_paid,,,
138009105.rebuilding-historic-urban-areas-after,2023-10-19T15:29:52.461Z,true,2023-10-19T15:29:52.619Z,2023-10-19T15:29:52.619Z,newsletter,everyone,Rebuilding Historic Urban Areas after Disasters,An interview with Dr. Patrick Daly,
137980879.fourth-m63-earthquake-strikes-afghanistan,2023-10-15T14:10:47.629Z,true,2023-10-15T14:10:47.712Z,2023-10-15T14:10:47.712Z,newsletter,everyone,Fourth M6.3 earthquake strikes Afghanistan ,Limited data suggest eastward propagation in unusual cascade,
137864588.third-m63-earthquake-strikes-western,2023-10-11T16:34:35.011Z,true,2023-10-11T16:34:35.119Z,2023-10-11T16:34:35.119Z,newsletter,only_paid,Third M6.3 earthquake strikes western Afghanistan,Why so many earthquakes - and what to expect?,
137820466.m50-earthquake-in-slovakia-is-largest,2023-10-10T03:09:57.261Z,true,2023-10-10T03:09:57.381Z,2023-10-10T03:09:57.381Z,newsletter,only_paid,M5.0 earthquake in Slovakia is largest in the country in almost 100 years,A similar earthquake may have occurred in 1778 - with aftershocks,
137752967.two-magnitude-63-earthquakes-strike,2023-10-08T01:29:12.836Z,true,2023-10-08T01:29:12.924Z,2023-10-08T01:29:12.924Z,newsletter,only_paid,Two magnitude 6.3 earthquakes strike northwestern Afghanistan,At least one hundred dead due to building collapse,
137702263.tidal-additions,,false,,,newsletter,only_paid,,,
137619680.buildings-collapse-in-nepal-due-to,2023-10-03T16:07:53.240Z,true,2023-10-03T16:07:53.393Z,2023-10-03T16:07:53.393Z,newsletter,only_paid,Buildings collapse in Nepal due to M5.7 earthquake with foreshock,There are many seismic hazards in this vulnerable region.,
137597479.d2e,,false,,,newsletter,only_paid,,,
137575444.earthquake-initiation-notes,,false,,,newsletter,only_paid,,,
137549759.magnitude-47-earthquake-jolts-northern,2023-09-30T19:24:45.937Z,true,2023-09-30T19:24:46.189Z,2023-09-30T19:24:46.189Z,newsletter,only_paid,Magnitude 4.7 earthquake jolts northern California,One of many earthquakes at the Mendocino Triple Junction,
137546855.do-earth-tides-warn-of-impending,2023-10-06T16:22:45.835Z,true,2023-10-06T16:22:45.933Z,2023-10-06T16:22:45.933Z,newsletter,everyone,Do Earth tides warn of impending large earthquakes?,We deep-dive a new study on possible precursors of dangerous earthquakes,
137525666.september-2023-digest,,false,,,newsletter,only_paid,,,
137520311.earthquake-insights-digest,2023-10-01T11:40:46.195Z,true,2023-10-01T11:40:46.263Z,2023-10-01T11:40:46.263Z,newsletter,only_paid,Earthquake Insights digest - Oct 1 2023,All of our posts to date! ,
137517664.february-2023-digest,,false,,,newsletter,only_paid,,,
137516075.march-2023-digest,,false,,,newsletter,only_paid,,,
137510730.elasticity-and-wave-propagation,,false,,,newsletter,only_paid,,,
137509850.on-earthquake-magnitudes-and-earthquake,,false,,,newsletter,only_paid,,,
137203056.m60-earthquake-strikes-new-zealands,2023-09-20T02:31:13.812Z,true,2023-09-20T02:31:13.865Z,2023-09-20T02:31:13.865Z,newsletter,only_paid,M6.0 earthquake strikes New Zealand's South Island,"Felt across the country, but no reports of serious damage",
137181306.m45-earthquake-strikes-east-of-san,2023-09-19T17:07:56.038Z,true,2023-09-19T17:07:56.117Z,2023-09-19T17:07:56.117Z,newsletter,only_paid,M4.5 earthquake strikes east of San Francisco: thrust slip on the Great Valley Thrust System,Earthquake was preceded by several foreshocks,
137145070.m51-earthquake-northeast-of-florence,2023-09-18T16:20:00.348Z,true,2023-09-18T16:20:00.412Z,2023-09-18T16:20:00.412Z,newsletter,only_paid,"M5.1 earthquake northeast of Florence, Italy preceded by foreshock",Complicated dynamics of the underlying slab may control earthquakes here,
137135420.morocco-geology-topography-seismicity,,false,,,newsletter,only_paid,,,
137135114.printable-wall-map-of-morocco,2023-09-26T16:09:10.496Z,true,2023-09-26T16:09:10.592Z,2023-09-26T16:09:10.592Z,newsletter,only_paid,Printable wall map of Morocco,"We combine geology, topography, and seismicity into a new map",
137134276.did-the-high-atlas-really-grow-20,2023-09-21T20:29:28.126Z,true,2023-09-21T20:29:28.322Z,2023-09-21T20:29:28.322Z,newsletter,everyone,Did the High Atlas really grow 20 cm in the Moroccan earthquake?,"Well, almost - a small area did rise about 15 cm. Let's explore how we know.",
137067022.the-earthquake-that-cracked-a-mountain,2023-09-15T16:20:47.067Z,true,2023-09-15T16:20:47.149Z,2023-09-15T16:20:47.149Z,newsletter,only_paid,The earthquake that cracked a mountain?,"Not the fault, but a fracture",
137044352.april-2023-digest,,false,,,newsletter,only_paid,,,
137044026.may-2023-digest,,false,,,newsletter,only_paid,,,
137043922.june-2023-digest,,false,,,newsletter,only_paid,,,
137043654.july-2023-digest,,false,,,newsletter,only_paid,,,
137041344.august-2023-digest,,false,,,newsletter,only_paid,,,
137024646.aftershocks-of-the-morocco-earthquake,2023-09-14T02:26:14.524Z,true,2023-09-14T02:26:14.613Z,2023-09-14T02:26:14.613Z,newsletter,only_paid,Aftershocks of the Morocco earthquake,More than 200 events detected so far; temporary seismic network planned,
136974117.m63-earthquake-in-the-philippines,2023-09-12T17:44:25.021Z,true,2023-09-12T17:44:25.102Z,2023-09-12T17:44:25.102Z,newsletter,only_paid,"M6.3 earthquake in the Philippines shakes northern Luzon, southern Taiwan",Strange slip on an ambiguous fault within the Manila Trench,
136968211.magnitude-50-earthquake-in-myanmar,2023-09-12T19:44:22.892Z,true,2023-09-12T19:44:23.020Z,2023-09-12T19:44:23.020Z,newsletter,only_paid,Magnitude 5.0 earthquake in Myanmar,A tale of intraslab seismicity,
136930041.satellite-images-suggest-slip-on,2023-09-11T14:46:29.643Z,true,2023-09-11T14:46:29.754Z,2023-09-11T14:46:29.754Z,newsletter,only_paid,"Satellite images suggest slip on a steep, north-dipping fault in Morocco",The Tizi n'Test Fault is a famous fault with a long geological history,
136902255.tracking-updates-on-the-morocco-earthquake,2023-09-10T16:31:58.855Z,true,2023-09-10T16:31:58.924Z,2023-09-10T16:31:58.924Z,newsletter,everyone,Tracking updates on the Morocco earthquake,Aftershocks suggest possible fault plane; reports of landslides; satellite images pending,
136892451.the-unusual-geology-of-the-high-atlas,,false,,,newsletter,only_paid,,,
136865927.deadly-m68-earthquake-hits-morocco,2023-09-09T03:55:12.729Z,true,2023-09-09T03:55:12.827Z,2023-09-09T03:55:12.827Z,newsletter,only_paid,Deadly M6.8 earthquake hits Morocco,Early analysis of a likely historic event for the country,
136865853.magnitude-68-earthquake-strikes-morocco,,false,,,newsletter,only_paid,,,
136836664.topics-for-earthquake-primer,,false,,,newsletter,only_paid,,,
136816188.m63-earthquake-strikes-below-central,2023-09-07T15:23:01.988Z,true,2023-09-07T15:23:02.079Z,2023-09-07T15:23:02.079Z,newsletter,only_paid,M6.3 earthquake strikes below central Chile,"""Silent,"" ""wave-like"" earthquake occurred on the subduction megathrust",
136719575.m50-beneath-the-molucca-sea-a-3d,,false,,,newsletter,only_paid,,,
136529640.m55-offshore-of-panama,2023-08-29T20:53:10.721Z,true,2023-08-29T20:53:10.797Z,2023-08-29T20:53:10.797Z,newsletter,only_paid,M5.5 offshore of Panama,"An unusual thrust earthquake along a mostly ""quiet"" subduction zone",
136527710.ultra-deep-m71-earthquake-in-indonesia,2023-08-29T18:26:36.079Z,true,2023-08-29T18:26:36.202Z,2023-08-29T18:26:36.202Z,newsletter,only_paid,Ultra-deep M7.1 earthquake in Indonesia shakes Bali,Earthquakes below 500 km depth are weird!,
136500047.magnitude-36-earthquake-strikes-near,2023-08-29T01:59:18.277Z,true,2023-08-29T01:59:18.351Z,2023-08-29T01:59:18.351Z,newsletter,only_paid,"Magnitude 3.6 earthquake strikes near Cleveland, Ohio",Enigmatic strike-slip earthquakes reach from Texas to New York,
136498300.limited-time-offer-paid-annual-subscribers,,false,,,newsletter,only_paid,,,
136473492.m57-earthquake-in-western-colombia,2023-08-28T03:11:06.799Z,true,2023-08-28T03:11:06.884Z,2023-08-28T03:11:06.884Z,newsletter,only_paid,"M5.7 earthquake in western Colombia, above the subduction zone",Curious coincidence with the South American Continental Divide!,
136257365.m51-earthquake-strikes-north-of-los,2023-08-21T03:04:54.741Z,true,2023-08-21T03:04:54.856Z,2023-08-21T03:04:54.856Z,newsletter,only_paid,M5.1 earthquake strikes north of Los Angeles,Quake does not match known faults in the Western Transverse Ranges,
136179418.m63-earthquake-shakes-central-colombia,2023-08-18T02:55:58.761Z,true,2023-08-18T02:55:58.820Z,2023-08-18T02:55:58.820Z,newsletter,only_paid,"M6.3 earthquake shakes central Colombia, seismometer records severe shaking",Earthquakes line the eastern Colombian Andes,
136046040.m53-earthquake-in-northeastern-bangladesh,2023-08-15T00:58:29.824Z,true,2023-08-15T00:58:29.904Z,2023-08-15T00:58:29.904Z,newsletter,everyone,M5.3 earthquake in northeastern Bangladesh is reminder of underlying threat,Multiple fault systems capable of producing M8+ quakes converge here.,
135943486.m43-earthquake-jolts-parkfield-california,2023-08-12T20:49:00.000Z,true,2023-08-12T20:49:00.068Z,2023-08-12T20:49:00.068Z,newsletter,only_paid,"M4.3 earthquake jolts Parkfield, California","Site of failed earthquake prediction is now studied for its tiny ""repeating"" quakes",
135766144.six-months-after-feb-6-kahramanmaras,2023-08-06T12:38:47.333Z,true,2023-08-06T12:38:47.547Z,2023-08-06T12:38:47.547Z,newsletter,only_paid,"Six months after Feb. 6 Kahramanmaraş earthquake sequence, papers start to pile up",Many more research articles in the works,
135758257.unusual-m54-earthquake-strikes-usually,2023-08-06T02:12:45.077Z,true,2023-08-06T02:12:45.191Z,2023-08-06T02:12:45.191Z,newsletter,only_paid,Unusual M5.4 earthquake strikes usually quiet part of eastern China ,"USGS PAGER estimates >$1 billion in damages, ground reports not clear",
135712339.edd,,false,,,newsletter,only_paid,,,
135669072.m56-earthquake-in-afar-triple-junction,2023-08-03T15:06:28.924Z,true,2023-08-03T15:06:29.049Z,2023-08-03T15:06:29.049Z,newsletter,only_paid,M5.6 earthquake in Afar Triple Junction highlights structural complexity,"Ten M6+ quakes from 1970-1995, none since: seismic quiescence or artifact?",
135464136.update-on-apparent-gps-detection,2023-07-26T13:53:18.944Z,true,2023-07-26T13:53:19.034Z,2023-07-26T13:53:19.034Z,newsletter,everyone,Update on apparent GPS detection of earthquake precursors ,"We generate the same ""signal"" using only noise from far-field stations",
135450677.m55-earthquake-hits-turkey-more-than,2023-07-25T23:00:58.079Z,true,2023-07-25T23:00:58.152Z,2023-07-25T23:00:58.152Z,newsletter,only_paid,M5.5 earthquake hits Turkey more than 5 months after Feb. 6 quakes,"Largest aftershock since Feb. 20, only 80 km from Adana",
135373523.earthquake-precursors-not-so-fast,2023-07-25T03:20:19.785Z,true,2023-07-25T03:20:19.895Z,2023-07-25T03:20:19.895Z,newsletter,everyone,Earthquake precursors? Not so fast.,"Real, useful, or wishful thinking? Let's deep-dive the paper.",
135255925.shaking-across-central-america-caused,2023-07-19T02:58:29.961Z,true,2023-07-19T02:58:30.112Z,2023-07-19T02:58:30.112Z,newsletter,only_paid,Shaking across Central America caused by M6.5 quake in sinking slab,Possibility of fatalities and liquefaction but no confirmed reports,
135073207.m66-earthquake-strikes-deep-below,2023-07-17T05:53:29.911Z,true,2023-07-17T05:53:30.006Z,2023-07-17T05:53:30.006Z,newsletter,only_paid,M6.6 earthquake strikes deep below Argentina,Shaking felt by more than 17 million people across Argentina and Chile,
135017772.m72-earthquake-offshore-alaska-occurred,2023-07-16T15:23:28.467Z,true,2023-07-16T15:23:28.540Z,2023-07-16T15:23:28.540Z,newsletter,only_paid,M7.2 earthquake offshore Alaska occurred in seismic gap,Latest quake in sequence that started in 2020,
134842843.m63-earthquake-offshore-mexico-possible,2023-07-14T13:46:32.485Z,true,2023-07-14T13:46:32.587Z,2023-07-14T13:46:32.587Z,newsletter,only_paid,M6.3 earthquake offshore Mexico possible aftershock of 2017 M8.1 Chiapas quake,"Was it intraslab, like the M8.1, or on the plate boundary?",
134750441.m52-earthquake-in-remote-siberia,2023-07-14T05:03:44.061Z,true,2023-07-14T05:03:44.140Z,2023-07-14T05:03:44.140Z,newsletter,only_paid,M5.2 earthquake in remote Siberia highlights wide continental rift ,Did you know far eastern Russia is on the North American Plate?,
134379386.unusual-m66-earthquake-shakes-much,2023-07-10T23:33:03.986Z,true,2023-07-10T23:33:04.080Z,2023-07-10T23:33:04.080Z,newsletter,only_paid,Unusual M6.6 earthquake shakes much of the Caribbean,"Reflects diffuse deformation of the oceanic crust, similar to the 2012 M8.6 Indian Ocean earthquake",
134168832.m56-earthquake-below-santiago-caused,2023-07-09T21:15:59.910Z,true,2023-07-09T21:15:59.963Z,2023-07-09T21:15:59.963Z,newsletter,only_paid,M5.6 earthquake below Santiago caused by slab bending,"Due to flat slab subduction, many South American cities are exposed to this type of hazard",
133704167.m-55-earthquake-strikes-the-southern,2023-07-09T03:25:47.651Z,true,2023-07-09T03:25:47.723Z,2023-07-09T03:25:47.723Z,newsletter,only_paid,M 5.5 earthquake strikes the southern Papuan Peninsula,A small earthquake draws our attention to the fascinating Owen-Stanley Fault Zone,
132205732.3a4,,false,,,newsletter,only_paid,,,
132133703.one-ring-to-rule-them-all-maybe-not,2023-12-15T18:01:11.077Z,true,2023-12-15T18:01:11.208Z,2023-12-15T18:01:11.208Z,newsletter,everyone,One Ring to rule them all? Maybe not!,Introducing the Southeast Asian Ring of Fire,
128826404.m49-earthquake-strikes-western-france,2023-06-16T18:57:28.861Z,true,2023-06-16T18:57:28.947Z,2023-06-16T18:57:28.947Z,newsletter,only_paid,M4.9 earthquake strikes western France,Reports of cracks in walls and tumbling objects,
128518240.m62-earthquake-on-the-manila-trench,2023-06-15T14:34:41.268Z,true,2023-06-15T14:34:41.356Z,2023-06-15T14:34:41.356Z,newsletter,only_paid,"M6.2 earthquake on the Manila Trench triggers alert, but shaking is low intensity",This is the latest quake in a noisy area that produced a M6.7 in 2021.,
127140486.new-paper-suggests-earthquakes-on,2023-06-14T14:06:51.760Z,true,2023-06-14T14:06:51.960Z,2023-06-14T14:06:51.960Z,newsletter,everyone,New paper suggests earthquakes on the southern San Andreas caused by lake filling - but is the evidence solid?,A study in 2011 came to the opposite conclusion. Let's take a look at the gritty details!,
125176245.m58-earthquake-on-the-northern-sagaing,2023-06-01T02:04:08.354Z,true,2023-06-01T02:04:08.499Z,2023-06-01T02:04:08.499Z,newsletter,only_paid,M5.8 earthquake near the northern Sagaing Fault shakes Myanmar,Shaking of up to intensity VII likely.,
124399295.melbourne-shaken-by-small-but-very,,false,,,newsletter,only_paid,,,
123955703.m62-earthquake-near-tokyo-causes,2023-05-26T14:01:44.656Z,true,2023-05-26T14:01:45.101Z,2023-05-26T14:01:45.101Z,newsletter,only_paid,M6.2 earthquake near Tokyo causes widespread but light shaking,The earthquake occurred at the southern edge of aftershocks from 2011 M9.1 Tohoku-Oki.,
123746850.m66-earthquake-strikes-offshore-colombia,2023-05-25T16:33:27.881Z,true,2023-05-25T16:33:27.990Z,2023-05-25T16:33:27.990Z,newsletter,only_paid,M6.6 earthquake strikes offshore Colombia and Panama,"Quake occurred in the North Panama Deformed Belt, a developing subduction zone between the Caribbean and Panama Plates.",
123567050.more-than-3-months-after-turkey-syria,2023-05-24T20:37:24.521Z,true,2023-05-24T20:37:24.817Z,2023-05-24T20:37:24.817Z,newsletter,only_paid,"More than 3 months after Turkey-Syria earthquakes, aftershocks continue to unnerve residents",Are these tremors a signal of heightened danger? No.,
122585020.m77-quake-at-the-new-hebrides-subduction,2023-05-20T03:07:00.055Z,true,2023-05-20T03:07:00.150Z,2023-05-20T03:07:00.150Z,newsletter,only_paid,M7.7 quake at the New Hebrides subduction zone highlights seismic activity in the outer rise,Seismic record illustrates interaction between outer-rise and megathrust earthquakes,
122328999.shallow-m52-earthquake-in-crete-shakes,,false,,,newsletter,only_paid,,,
122147731.m64-subduction-earthquake-below-guatemala,2023-05-18T01:53:26.215Z,true,2023-05-18T01:53:26.368Z,2023-05-18T01:53:26.368Z,newsletter,only_paid,M6.4 subduction earthquake below Guatemala is among deepest ever recorded there,Shallow fault systems pose much greater seismic hazard to the region,
121400173.cluster-of-earthquakes-south-of-japan,2023-05-14T19:53:08.864Z,true,2023-05-14T19:53:08.962Z,2023-05-14T19:53:08.962Z,newsletter,only_paid,"Cluster of earthquakes south of Japan illuminate back-arc spreading as the old, cold Pacific Plate rolls back",Much larger swarm was recorded to the north in 2000.,
120963786.new-paper-documents-surface-rupture,2023-05-12T13:44:17.276Z,true,2023-05-12T13:44:17.343Z,2023-05-12T13:44:17.343Z,newsletter,only_paid,"New paper documents surface rupture of the M7.8 Feb. 6 Pazarcık earthquake, Turkey",Deformation zone ranged from 2 to 50 meters wide,
120855853.m55-earthquake-in-california-occurred,2023-05-12T01:22:49.649Z,true,2023-05-12T01:22:49.771Z,2023-05-12T01:22:49.771Z,newsletter,everyone,M5.5 earthquake in California occurred at northwestern edge of Walker Lane Shear Zone,Similar earthquake occurred in 2013,
120533038.m76-earthquake-occurred-within-subducting,2023-05-10T17:41:22.842Z,true,2023-05-10T17:41:23.144Z,2023-05-10T17:41:23.144Z,newsletter,only_paid,M7.6 earthquake occurred within subducting Pacific slab in the South Pacific,"Although the event was large, its depth limited shaking and tsunami potential",
120055444.latest-paper-about-the-feb-6-kahramanmaras,2023-05-08T15:23:28.388Z,true,2023-05-08T15:23:28.515Z,2023-05-08T15:23:28.515Z,newsletter,only_paid,Latest paper about the Feb. 6 Kahramanmaraş suggests abrupt stopping of rupture increased shaking,Shaking in many areas was stronger than that considered in the building code,
119963182.m49-earthquake-near-antakya-is-largest,2023-05-08T02:20:23.090Z,true,2023-05-08T02:20:23.182Z,2023-05-08T02:20:23.182Z,newsletter,only_paid,M4.9 earthquake near Antakya is largest in area since February,"Aftershock occurred near a junction with the Dead Sea Fault, but does not represent new hazard",
119506819.m45-earthquake-near-dhaka-felt-by,2023-05-05T16:47:25.928Z,true,2023-05-05T16:47:26.060Z,2023-05-05T16:47:26.060Z,newsletter,only_paid,M4.5 earthquake near Dhaka felt by many,Event is reminder of dire seismic hazard and vulnerability in the region.,
119474193.m62-shallow-thrust-in-western-japan,2023-05-05T13:47:21.093Z,true,2023-05-05T13:47:21.194Z,2023-05-05T13:47:21.194Z,newsletter,only_paid,M6.2 shallow thrust in western Japan preceded by seismic swarm that started in late 2020,"Swarm includes apparent ""repeating earthquakes""",
119106854.m5-earthquake-near-goksun-turkey,2023-05-03T21:05:24.669Z,true,2023-05-03T21:05:24.857Z,2023-05-03T21:05:24.857Z,newsletter,only_paid,"M5 earthquake near Göksun, Turkey is largest aftershock since March 23",Recent aftershocks align along possible NE-SW normal fault,
118852424.why-and-how-to-talk-about-big-earthquakes,2023-05-02T18:20:05.606Z,true,2023-05-02T18:20:05.676Z,2023-05-02T18:20:05.676Z,newsletter,only_paid,Why and how to talk about big earthquakes on social media,People impacted by the event need to understand what happened and what to expect.,
118534713.m59-earthquake-offshore-okinawa-japan,2023-05-01T17:08:02.062Z,true,2023-05-01T17:08:02.196Z,2023-05-01T17:08:02.196Z,newsletter,only_paid,"M5.9 earthquake offshore Okinawa, Japan preceded by flurry of foreshocks","Earthquake occurred on the Ryukyu subduction megathrust, at the edge of 1791 Mw8.0-8.3 earthquake rupture.",
118312200.m45-earthquake-in-southern-california,2023-04-30T14:02:46.503Z,true,2023-04-30T14:02:46.575Z,2023-04-30T14:02:46.575Z,newsletter,only_paid,M4.5 earthquake in southern California occurred in Brawley Seismic Zone,"A geothermal field here generates anthropogenic seismicity, at the southern tip of the San Andreas",
118177355.m43-earthquake-in-the-western-gulf,,false,,,newsletter,only_paid,,,
117285432.two-earthquakes-m59-and-m54-shake,2023-04-26T01:49:41.423Z,true,2023-04-26T01:49:41.542Z,2023-04-26T01:49:41.542Z,newsletter,only_paid,"Two earthquakes, M5.9 and M5.4, shake New Zealand",The earthquakes occurred near a transition in slip behavior on the Hikurangi megathrust.,
117189692.there-is-a-40-km-seismic-gap-on-the,2023-04-25T16:28:02.785Z,true,2023-04-25T16:28:03.112Z,2023-04-25T16:28:03.112Z,newsletter,only_paid,There is a 40 km seismic gap on the East Anatolian Fault near Malatya. What would a M6.8 earthquake there look like?,"Intensity VII shaking in Malatya is possible, but may not happen for decades.",
117028646.m71-earthquake-hits-the-mentawai,2023-04-24T22:23:11.061Z,true,2023-04-24T22:23:11.149Z,2023-04-24T22:23:11.149Z,newsletter,only_paid,M7.1 earthquake hits Mentawai Seismic Gap offshore Sumatra,Event is a reminder of the potential for great earthquakes and tsunamis in this region,
116839346.m71-earthquake-north-of-new-zealand,2023-04-24T02:36:18.842Z,true,2023-04-24T02:36:18.914Z,2023-04-24T02:36:18.914Z,newsletter,only_paid,M7.1 earthquake north of New Zealand causes brief tsunami concern,The earthquake occurred close to a M7.4/8.1 foreshock/mainshock sequence in 2021,
116789276.m36-earthquake-below-eastern-shore,2023-04-23T20:42:30.195Z,true,2023-04-23T20:42:30.315Z,2023-04-23T20:42:30.315Z,newsletter,only_paid,"M3.6 earthquake below eastern shore of Lake Ontario shakes upstate New York, Canada","Earthquakes in New York are not common, but have reached M5.7",
116516402.m46-earthquake-east-of-athens-aftershock,2023-04-22T15:07:27.061Z,true,2023-04-22T15:07:27.162Z,2023-04-22T15:07:27.162Z,newsletter,only_paid,M4.6 earthquake east of Athens was aftershock of November 2022 M4.8,The quake occurred on a strike-slip fault cutting the island of Evia.,
116082061.b11,,false,,,newsletter,only_paid,,,
116080506.two-new-papers-published-on-the-feb,2023-04-20T17:05:16.896Z,true,2023-04-20T17:05:16.981Z,2023-04-20T17:05:16.981Z,newsletter,only_paid,"Two new papers published on the Feb. 6 2023 Kahramanmaraş, Turkey earthquake sequence","One explores the history of seismicity on the faults, the other maps the slip",
115887754.unusual-m45-earthquake-500-km-off,2023-04-19T17:40:22.196Z,true,2023-04-19T17:40:22.296Z,2023-04-19T17:40:22.296Z,newsletter,only_paid,Unusual M4.5 earthquake 500 km off the East Coast of the United States,This intraplate earthquake was the largest recorded within 400 km.,
115828374.m52-earthquake-on-mexicos-western,2023-04-19T13:01:45.545Z,true,2023-04-19T13:01:45.661Z,2023-04-19T13:01:45.661Z,newsletter,only_paid,M5.2 earthquake below Mexico's western coast shakes Mexico City,The earthquake occurred the night before a national earthquake drill.,
115481079.m43-earthquake-in-the-pyrenees-caused,2023-04-17T21:54:39.857Z,true,2023-04-17T21:54:39.960Z,2023-04-17T21:54:39.960Z,newsletter,only_paid,M4.3 earthquake in the Pyrenees caused by slow extension,"Shaking was felt in Spain, France, and Andorra",
114978695.m42-earthquake-in-syria-widely-felt,2023-04-15T12:59:59.405Z,true,2023-04-15T12:59:59.523Z,2023-04-15T12:59:59.523Z,newsletter,everyone,"M4.2 earthquake in Syria widely felt in Beirut, Damascus ","This earthquake was either on the Dead Sea Fault, or in the Palmyrides to the east.",
114752404.very-deep-m7-earthquake-east-of-java,2023-04-14T10:56:15.091Z,true,2023-04-14T10:56:15.160Z,2023-04-14T10:56:15.160Z,newsletter,only_paid,"Very deep M7 earthquake north of Java felt across the island, but not dangerous",The ultra deep earthquake occurred within the subducting Australian plate.,
114675798.hot-water-is-spewing-out-of-the-cascadia,2023-04-14T02:17:22.942Z,true,2023-04-14T02:17:23.006Z,2023-04-14T02:17:23.006Z,newsletter,only_paid,Hot water is spewing out of the Cascadia subduction zone. Is that a sign of new danger?,Nope.,
114361812.2023-turkey-syria-earthquakes-cause,2023-02-21T19:08:00.002Z,true,,,newsletter,only_paid,2023 Turkey-Syria earthquakes cause fear in Cyprus,,
114361811.why-dont-we-have-better-global-seismic,2023-02-18T13:14:00.004Z,true,,,newsletter,only_paid,"Why don't we have better, global seismic networks?",,
114361810.why-communicating-science-after,2023-02-20T14:14:00.000Z,true,,,newsletter,only_paid,Why communicating science after a disaster is important - and how to do it,,
114361809.the-historic-record-of-earthquakes-is,2023-02-13T13:04:00.002Z,true,,,newsletter,only_paid,The historic record of earthquakes is incomplete - so how DO we estimate hazard?,,
114361808.dams-built-along-fault-lines-create-new,2023-02-16T21:52:00.006Z,true,,,newsletter,only_paid,Dams built along fault lines create new hazard,,
114361807.how-does-seismic-hazard-vary-across,2023-02-19T12:16:00.005Z,true,,,newsletter,only_paid,How does seismic hazard vary across Istanbul? Thoughts and questions about site effects.,,
114361806.focal-mechanisms-of-2023-turkey-syria,2023-02-22T21:13:00.004Z,true,,,newsletter,only_paid,Focal mechanisms of 2023 Turkey-Syria aftershocks tell us about local stresses,,
114361805.feb-6-turkey-syria-earthquakes-stressed,2023-02-17T15:26:00.002Z,true,,,newsletter,only_paid,Feb. 6 Turkey-Syria earthquakes stressed regional faults,,
114361804.feb-6-turkey-syria-earthquakes,2023-02-19T22:11:00.008Z,true,,,newsletter,only_paid,"Feb. 6 Turkey-Syria earthquakes triggered rock falls and landslides, a reminder of 2008 M7.9 Wenchuan earthquake in China",,
114361803.stress-change-models-in-wake-of-2023,2023-02-22T13:20:00.004Z,true,,,newsletter,only_paid,Stress change models in wake of 2023 Turkey-Syria earthquakes highlight need for more 3D fault models,,
114361802.m68-earthquake-in-tajikistan-occurred,2023-02-23T01:05:00.002Z,true,,,newsletter,only_paid,M6.8 earthquake in Tajikistan occurred above subducting slab,,
114361801.how-do-we-measure-shaking-in-earthquake,2023-02-15T14:04:00.010Z,true,,,newsletter,only_paid,What controls shaking in an earthquake?,,
114361800.sometimes-earthquakes-hide-in-shaking,2023-02-20T20:49:00.013Z,true,,,newsletter,only_paid,"Earthquakes can ""hide"" in the shaking of other earthquakes - but local seismic networks help",,
114361799.local-deformation-along-surface-trace,2023-02-18T15:08:00.000Z,true,,,newsletter,only_paid,Local deformation along the surface trace of Feb. 6 Turkey-Syria earthquake caused by subsurface geometry,,
114361402.report-highlights-liquefaction-in-2023,2023-02-23T18:04:00.002Z,true,,,newsletter,only_paid,Report highlights liquefaction in 2023 Turkey-Syria earthquake,,
114361401.how-can-earthquake-have-two-different,2023-02-23T14:06:00.003Z,true,,,newsletter,only_paid,How can an earthquake have two different magnitudes?,,
114361400.erosion-in-remote-tajikistan-visible-in,2023-02-23T03:17:00.001Z,true,,,newsletter,only_paid,Erosion in remote Tajikistan visible in satellite imagery,,
114361399.gps-tracks-movement-of-crust-since-2023,2023-02-23T18:26:00.006Z,true,,,newsletter,only_paid,GPS tracks movement of crust since 2023 Turkey-Syria earthquake - a record not available for old quakes,,
114361398.satellite-observations-reveal-surface,2023-02-23T12:37:00.004Z,true,,,newsletter,only_paid,"Satellite observations reveal surface deformation caused by M6.4 aftershock in Hatay, Turkey",,
114361397.fault-creep-in-western-sea-of-marmara,2023-02-24T14:26:00.003Z,true,,,newsletter,only_paid,"Fault creep in the western Sea of Marmara releases some tectonic strain, but Istanbul still at risk",,
114361396.evaluating-istanbuls-seismic-hazard,2023-02-26T15:56:00.007Z,true,,,newsletter,only_paid,Evaluating Istanbul's seismic hazard,,
114361395.did-feb-6-turkey-syria-earthquakes-make,2023-02-25T04:29:00.022Z,true,,,newsletter,only_paid,Did the Feb. 6 Turkey-Syria earthquakes make the Dead Sea Fault more likely to slip?,,
114361394.fossils-of-ancient-earthquakes-on-dead,2023-03-05T01:00:00.002Z,true,,,newsletter,only_paid,Fossils of ancient earthquakes on the Dead Sea Fault,,
114361393.media-feature-washington-post-major,2023-02-23T20:30:00.006Z,true,,,newsletter,only_paid,"Media feature, Washington Post: ""Major aftershocks are still shaking Turkey. When will the quaking end?""",,
114361392.records-from-past-earthquakes-show,2023-03-02T01:45:00.002Z,true,,,newsletter,only_paid,Records from past earthquakes show aftershock variability,,
114361391.moving-forward-after-earthquake,2023-02-27T22:00:00.001Z,true,,,newsletter,only_paid,Moving forward after an earthquake,,
114361390.how-can-people-traumatized-by,2023-03-08T17:58:00.010Z,true,,,newsletter,only_paid,How can people traumatized by an earthquake move forward?,,
114361389.once-one-earthquake-happens-on-dead-sea,2023-02-25T17:21:00.008Z,true,,,newsletter,only_paid,"Once one earthquake happens on the Dead Sea Fault, more might follow",,
114361388.seismic-hazard-update-for-gaziantep_3,2023-03-03T14:37:00.005Z,true,,,newsletter,only_paid,Seismic hazard update for Gaziantep,,
114361387.no-change-in-seismic-activity-on-east,2023-03-10T14:53:00.006Z,true,,,newsletter,only_paid,No change in seismic activity on the East Anatolian Fault before the Feb 6 earthquakes,,
114361386.how-does-stress-change-tell-us-about,2023-03-05T17:21:00.009Z,true,,,newsletter,only_paid,How does stress change tell us about earthquake risk?,,
114361385.breaking-aftershock-patterns-of-feb-6,2023-03-06T21:27:00.023Z,true,,,newsletter,only_paid,Dividing the aftershock patterns of the Feb 6 earthquake sequence into parts,,
114361384.exploring-world-and-earthquakes-with,2023-02-26T22:10:00.006Z,true,,,newsletter,only_paid,"Explore the world (and earthquakes) with Google Earth, through time",,
114361383.what-happened-during-feb-6-turkey-syria,2023-03-01T20:01:00.009Z,true,,,newsletter,only_paid,"What happened during the Feb. 6 Turkey-Syria ruptures, and why aftershocks aren't the same everywhere",,
114361382.how-geologists-use-fault-slip-rates-to,2023-03-04T13:54:00.004Z,true,,,newsletter,only_paid,How geologists use fault slip rates to think about seismic hazard - and why that doesn't always work,,
114361381.update-on-seismicity-near-kayseri-turkey_7,2023-03-07T13:43:00.003Z,true,,,newsletter,only_paid,"Update on seismicity near Kayseri, Turkey",,
114361380.how-much-do-faults-slip-in-earthquakes,2023-03-05T14:23:00.003Z,true,,,newsletter,only_paid,"How much do faults slip in earthquakes, and is the Turkey-Syria sequence ""normal""?",,
114361379.is-adana-at-risk-of-major-ground-shaking,2023-02-27T13:32:00.002Z,true,,,newsletter,only_paid,Is Adana at risk of major ground shaking?,,
114361378.update-on-seismicity-near-kayseri-turkey,2023-03-10T15:37:00.006Z,true,,,newsletter,only_paid,"Update on seismicity near Kayseri, Turkey",,
114361377.seismic-hazard-in-istanbul-is-driven-by,2023-03-10T13:19:00.004Z,true,,,newsletter,only_paid,Seismic hazard in Istanbul is driven by tectonic motions + 1999 Izmit earthquake,,
114361376.whats-difference-between-double,2023-03-06T13:18:00.004Z,true,,,newsletter,only_paid,"What's the difference between ""double-difference earthquakes"" and ""aftershocks""?",,
114361375.global-map-of-seismic-hazard-highlights,2023-02-28T13:18:00.009Z,true,,,newsletter,only_paid,Global map of seismic hazard highlights high-risk regions,,
114361374.article-highlight-gps-stations-can,2023-03-01T21:09:00.001Z,true,,,newsletter,only_paid,Article highlight: GPS stations can record earthquake shaking,,
114361373.creep-on-eastern-east-anatolian-fault,2023-03-03T14:02:00.002Z,true,,,newsletter,only_paid,Creep on the eastern East Anatolian Fault relieves some tectonic stress,,
114361030.interactive-map-of-active-faults-for,2023-03-11T21:57:00.014Z,true,,,newsletter,only_paid,Article highlight: Interactive map of active faults for Eurasia,,
114361029.feb-6-earthquake-causes-aftershocks-on,2023-03-12T18:24:00.012Z,true,,,newsletter,only_paid,Feb. 6 earthquake causes aftershocks on the Cyprus-Hatay Arc,,
114361028.putting-aftershocks-near-adana-into,2023-03-13T22:22:00.005Z,true,,,newsletter,only_paid,Putting aftershocks near Adana into perspective,,
114361027.new-approach-to-modeling-plate,2023-03-11T12:24:00.006Z,true,,,newsletter,only_paid,Article highlight: New approach to modeling plate deformation,,
114361026.m42-earthquake-near-adana-march-11-2023,2023-03-11T21:47:00.003Z,true,,,newsletter,only_paid,"M4.2 earthquake near Adana (March 11, 2023)",,
114361025.first-paper-about-2023-turkey-syria,2023-03-14T11:50:00.012Z,true,,,newsletter,only_paid,First paper about 2023 Turkey-Syria earthquake describes how fast the rupture occurred,,
114361024.aftershocks-of-turkey-syria-sequence,2023-03-13T13:20:00.003Z,true,,,newsletter,only_paid,Aftershocks of the Turkey-Syria sequence highlight fault tips,,
114361023.how-seismicity-and-fault-creep-control,2023-03-15T19:35:00.006Z,true,,,newsletter,only_paid,How seismicity and fault creep control seismicity east of the Feb. 6 rupture in Turkey,,
114361022.why-measuring-creep-on-faults-is,2023-03-14T23:50:00.007Z,true,,,newsletter,only_paid,Why measuring creep on faults is important,,
114361021.m44-earthquake-offshore-sw-cyprus-not,2023-03-15T21:17:00.006Z,true,,,newsletter,only_paid,M4.4 earthquake offshore SW Cyprus not related to Feb 6 earthquake sequence,,
114361020.m47-earthquake-on-north-anatolian-fault,2023-03-16T12:04:00.007Z,true,,,newsletter,only_paid,"M4.7 earthquake on the North Anatolian Fault near Bolu, Turkey (March 16, 2023)",,
114361019.seismic-hazard-update-for-gaziantep,2023-03-18T00:04:00.007Z,true,,,newsletter,only_paid,"Seismic hazard update for Gaziantep, Turkey",,
114361018.is-todays-m46-earthquake-offshore,2023-03-17T01:29:00.009Z,true,,,newsletter,only_paid,"Is today's M4.6 earthquake offshore Mersin, Turkey a sign of something dangerous?",,
114361017.seismic-hazard-update-around-goksun,2023-03-19T01:52:00.008Z,true,,,newsletter,only_paid,"Seismic hazard update around Göksun, Turkey ",,
114361016.unusual-tectonic-setting-of-m67-ecuador,2023-03-18T22:38:00.004Z,true,,,newsletter,only_paid,Unusual tectonic setting of the M6.7 Ecuador earthquake,,
114361015.m67-earthquake-below-ecuador-march-18,2023-03-18T21:21:00.009Z,true,,,newsletter,only_paid,"M6.7 earthquake below Ecuador - March 18, 2023",,
114361014.did-feb-6-2023-turkey-syria-earthquake,2023-03-19T18:14:00.006Z,true,,,newsletter,only_paid,Did the Feb 6 2023 Turkey-Syria earthquake start on the Dead Sea Fault?,,
114361013.are-aftershocks-near-goksun-turkey,2023-03-19T14:05:00.004Z,true,,,newsletter,only_paid,"Are the aftershocks near Göksun, Turkey normal?",,
114361012.update-on-seismic-hazard-near-bingol,2023-03-20T02:51:00.006Z,true,,,newsletter,only_paid,"Update on seismic hazard near Bingöl, Turkey",,
114361011.march-18-2023-m68-earthquake-in-ecuador,2023-03-20T13:48:00.008Z,true,,,newsletter,only_paid,March 18 2023 M6.8 earthquake in Ecuador occurred on a deep slab boundary ,,
114361010.m65-earthquake-below-argentina-march-22,2023-03-22T17:43:00.007Z,true,,,newsletter,only_paid,"M6.5 earthquake below Argentina - March 22, 2023",,
114361009.m46-earthquake-in-california-triggers,2023-03-22T01:12:00.014Z,true,,,newsletter,only_paid,"M4.6 earthquake in California triggers ShakeAlert - March 21, 2023",,
114361008.update-on-aftershocks-around-malatya,2023-03-24T02:14:00.047Z,true,,,newsletter,only_paid,"Update on aftershocks around Malatya, Turkey",,
114361007.earthquakes-below-pamir-and-hindu-kush,2023-03-22T12:44:00.008Z,true,,,newsletter,everyone,Earthquakes below the Pamir and Hindu Kush mountains reveal complex tectonics,,
114361006.m65-earthquake-in-afghanistan-contrasts,2023-03-21T17:42:00.013Z,true,,,newsletter,everyone,M6.5 earthquake in Afghanistan contrasts with recent quake in Tajikistan,,
114361005.m5-earthquake-in-flinders-region,2023-03-23T01:12:00.021Z,true,,,newsletter,only_paid,"M5 earthquake in the Flinders Region, Australia - March 22, 2023",,
114361004.update-on-aftershocks-in-hatay-turkey,2023-03-23T00:43:00.036Z,true,,,newsletter,only_paid,"Update on aftershocks in Hatay, Turkey",,
114361003.m49-aftershock-near-goksun-turkey,2023-03-23T12:02:00.006Z,true,,,newsletter,only_paid,"M4.9 aftershock near Göksun, Turkey",,
114361002.no-earthquakes-are-not-more-frequent-now,2023-03-22T00:50:00.007Z,true,,,newsletter,only_paid,"No, earthquakes are not more frequent now",,
114361001.anthropogenic-earthquakes-along-dead,2023-03-20T19:44:00.015Z,true,,,newsletter,only_paid,"Anthropogenic ""earthquakes"" along the Dead Sea Fault in Lebanon",,
114360754.m56-earthquake-in-western-iran-march-24,2023-03-24T14:13:00.048Z,true,,,newsletter,only_paid,"M5.6 earthquake in western Iran - March 24, 2023",,
114360753.article-highlight-how-lastquake,2023-03-25T11:09:00.020Z,true,,,newsletter,only_paid,Article highlight: How @LastQuake communicates about earthquakes,,
114360752.update-on-seismic-risk-in-adana,2023-03-24T17:35:00.061Z,true,,,newsletter,only_paid,Update on seismic risk in Adana,,
114360751.update-on-march-16-2023-m47-earthquake,2023-03-26T01:09:00.007Z,true,,,newsletter,only_paid,"Update on March 16 2023 M4.7 earthquake near Bolu, Turkey",,
114360750.earthquake-swarm-near-kayseri-turkey,2023-03-27T01:54:00.038Z,true,,,newsletter,only_paid,"Earthquake swarm near Kayseri, Turkey - February-March 2023",,
114360749.population-density-in-india-reflect,2023-03-27T21:09:00.002Z,true,,,newsletter,only_paid,"Population density patterns in India reflect geology, climate",,
114360748.m5-earthquake-in-east-african-rift,2023-03-28T17:18:00.012Z,true,,,newsletter,only_paid,"M5 earthquake in the East African Rift - March 27, 2023",,
114360747.m6-earthquake-offshore-japan-march-28,2023-03-28T13:03:00.005Z,true,,,newsletter,only_paid,"M6 earthquake offshore Japan - March 28, 2023",,
114360746.m47-earthquake-near-molise-italy-march,2023-03-29T01:01:00.015Z,true,,,newsletter,only_paid,"M4.7 earthquake near Molise, Italy - March 28, 2023",,
114360745.should-we-expect-large-earthquake-on,2023-03-28T20:42:00.009Z,true,,,newsletter,only_paid,Should we expect a large earthquake on the Afrin fault?,,
114360744.m63-earthquake-offshore-chile-occurred,2023-03-30T20:16:00.011Z,true,,,newsletter,only_paid,M6.3 earthquake offshore Chile occurred within 2010 M8.8 Maule earthquake rupture area,,
114360743.march-29-m48-near-goksun-turkey,2023-03-30T15:26:00.008Z,true,,,newsletter,only_paid,"March 29 M4.8 near Göksun, Turkey represents continued aftershock activity",,
114360742.earthquake-early-warning-for-everyone,2023-03-31T00:53:00.002Z,true,,,newsletter,only_paid,Earthquake Early Warning for everyone,,
114360741.m46-earthquake-in-nepal-is-reminder-of,2023-04-01T13:34:00.010Z,true,,,newsletter,only_paid,M4.6 earthquake in Nepal is reminder of M7.8 2015 and potential for future great quakes,,
114360740.april-1-m45-near-near-samandag-turkey,2023-04-01T14:13:00.006Z,true,,,newsletter,only_paid,"April 1 M4.5 near near Samandağ, Turkey is largest in region since March 1",,
114360739.feb-6-turkey-syria-earthquake-triggered,2023-04-03T01:37:00.004Z,true,,,newsletter,only_paid,Feb. 6 Turkey-Syria earthquake triggered seismicity on Dead Sea Fault,,
114360738.m7-earthquake-in-papua-new-guinea,2023-04-02T20:30:00.003Z,true,,,newsletter,only_paid,M7 earthquake in Papua New Guinea related to collision of Australian and Pacific plates,,
114360737.m55-earthquake-in-flores-sea-indonesia,2023-04-02T15:00:00.005Z,true,,,newsletter,only_paid,"M5.5 earthquake in the Flores Sea, Indonesia occurred in active tectonic region",,
114360736.m46-earthquakes-largest-aftershock-near,2023-03-31T12:20:00.006Z,true,,,newsletter,only_paid,M4.6 earthquake is largest aftershock near Gaziantep in >3 weeks,,
114360735.m65-earthquake-below-kamchatka-occurred,2023-04-03T13:01:00.007Z,true,,,newsletter,only_paid,M6.5 earthquake below Kamchatka occurred near 5th largest quake ever recorded,,
114360734.m61-earthquake-in-panama-occurred-at,2023-04-05T00:49:00.007Z,true,,,newsletter,only_paid,"M6.3 earthquake in Panama occurred at junction of Nazca, Cocos, and Panama Plates - April 4, 2023",,
114360733.media-feature-earthquakes-cannot-be,2023-04-10T11:52:00.001Z,true,,,newsletter,only_paid,Media feature: Earthquakes cannot be predicted - but WHY not?,,
114360732.did-feb-6-earthquakes-in-southeastern,2023-04-09T16:04:00.004Z,true,,,newsletter,only_paid,Did the Feb. 6 earthquakes in southeastern Turkey cause increased seismicity in northern Turkey?,Short answer: no.,
114360731.understanding-tectonics-of-turkey-and,2023-04-06T23:25:00.002Z,true,,,newsletter,only_paid,"Understanding the tectonics of Turkey, and how it drives earthquakes",,
114360730.alert-level-orange-at-nevado-del-ruiz,2023-04-09T03:07:00.003Z,true,,,newsletter,only_paid,"Alert level orange at Nevado del Ruiz volcano, Colombia",,
114360729.m43-earthquake-in-northeast-india-is,2023-04-12T02:08:00.005Z,true,,,newsletter,only_paid,M4.3 earthquake in northeast India is reminder of seismic activity across the Indian Plate ,,
114360728.oil-production-in-oklahoma-likely,2023-04-06T12:27:00.009Z,true,,,newsletter,only_paid,Oil production in Oklahoma likely responsible for today's M4.2 earthquake,,
114360727.two-months-after-2023-turkey-syria,2023-04-04T20:59:00.003Z,true,,,newsletter,only_paid,"Two months after 2023 Turkey-Syria earthquake, aftershocks still felt",,
114360726.m45-earthquake-rattles-san-jose,2023-04-04T23:31:00.010Z,true,,,newsletter,only_paid,"M4.5 earthquake rattles San Jose, California - April 4, 2023",,
114360725.m61-earthquake-below-west-coast-of,2023-04-03T17:48:00.001Z,true,,,newsletter,only_paid,M6.1 earthquake below west coast of Sumatra felt in Kuala Lumpur and Singapore,,
114357624.how-to-use-the-substack-editor,,false,,,newsletter,everyone,,,
